[{"pk": 1, "model": "fantasy.author", "fields": {"date_of_birth": "1892-01-03", "name": "J. R. R. Tolkien", "date_of_death": "1973-09-02"}}, {"pk": 2, "model": "fantasy.author", "fields": {"date_of_birth": "1965-07-31", "name": "J. K. Rowling", "date_of_death": null}}, {"pk": 1, "model": "fantasy.series", "fields": {"title": "The Lord of the Rings"}}, {"pk": 2, "model": "fantasy.series", "fields": {"title": "Harry Potter"}}, {"pk": 1, "model": "fantasy.book", "fields": {"series": 1, "title": "The Fellowship of the Ring", "date_published": "1954-07-29", "author": 1}}, {"pk": 2, "model": "fantasy.book", "fields": {"series": 1, "title": "The Two Towers", "date_published": "1954-11-11", "author": 1}}, {"pk": 3, "model": "fantasy.book", "fields": {"series": 1, "title": "Return of the King", "date_published": "1955-10-20", "author": 1}}, {"pk": 4, "model": "fantasy.book", "fields": {"series": 2, "title": "Harry Potter and the Philosopher's Stone", "date_published": "1997-06-26", "author": 2}}, {"pk": 5, "model": "fantasy.book", "fields": {"series": 2, "title": "Harry Potter and the Chamber of Secrets", "date_published": "1998-07-02", "author": 2}}, {"pk": 6, "model": "fantasy.book", "fields": {"series": 2, "title": "Harry Potter and the Prisoner of Azkaban", "date_published": "1999-07-08", "author": 2}}, {"pk": 7, "model": "fantasy.book", "fields": {"series": 2, "title": "Harry Potter and the Goblet of Fire", "date_published": "2000-07-08", "author": 2}}, {"pk": 8, "model": "fantasy.book", "fields": {"series": 2, "title": "Harry Potter and the Order of the Phoenix", "date_published": "2003-06-21", "author": 2}}, {"pk": 9, "model": "fantasy.book", "fields": {"series": 2, "title": "Harry Potter and the Half-Blood Prince", "date_published": "2005-07-16", "author": 2}}, {"pk": 10, "model": "fantasy.book", "fields": {"series": 2, "title": "Harry Potter and the Deathly Hallows", "date_published": "2007-07-21", "author": 2}}, {"pk": 11, "model": "fantasy.book", "fields": {"series": null, "title": "The Hobbit", "date_published": "1937-09-21", "author": 1}}, {"pk": 1, "model": "fantasy.chapter", "fields": {"ordering": 1, "book": 1, "title": "A Long-expected Party"}}, {"pk": 2, "model": "fantasy.chapter", "fields": {"ordering": 2, "book": 1, "title": "The Shadow of the Past"}}, {"pk": 3, "model": "fantasy.chapter", "fields": {"ordering": 3, "book": 1, "title": "Three is Company"}}, {"pk": 4, "model": "fantasy.chapter", "fields": {"ordering": 4, "book": 1, "title": "A Short Cut to Mushrooms"}}, {"pk": 5, "model": "fantasy.chapter", "fields": {"ordering": 5, "book": 1, "title": "A Conspiracy Unmasked"}}, {"pk": 6, "model": "fantasy.chapter", "fields": {"ordering": 6, "book": 1, "title": "The Old Forest"}}, {"pk": 7, "model": "fantasy.chapter", "fields": {"ordering": 7, "book": 1, "title": "In the House of Tom Bombadil"}}, {"pk": 8, "model": "fantasy.chapter", "fields": {"ordering": 8, "book": 1, "title": "Fog on the Barrow-downs"}}, {"pk": 9, "model": "fantasy.chapter", "fields": {"ordering": 9, "book": 1, "title": "At the Sign of the Prancing Pony"}}, {"pk": 10, "model": "fantasy.chapter", "fields": {"ordering": 10, "book": 1, "title": "Strider"}}, {"pk": 11, "model": "fantasy.chapter", "fields": {"ordering": 11, "book": 1, "title": "A Knife in the Dark"}}, {"pk": 12, "model": "fantasy.chapter", "fields": {"ordering": 12, "book": 1, "title": "Flight to the Ford"}}, {"pk": 13, "model": "fantasy.chapter", "fields": {"ordering": 13, "book": 1, "title": "Many Meetings"}}, {"pk": 14, "model": "fantasy.chapter", "fields": {"ordering": 14, "book": 1, "title": "The Council of Elrond"}}, {"pk": 15, "model": "fantasy.chapter", "fields": {"ordering": 15, "book": 1, "title": "The Ring goes South"}}, {"pk": 16, "model": "fantasy.chapter", "fields": {"ordering": 16, "book": 1, "title": "A Journey in the Dark"}}, {"pk": 17, "model": "fantasy.chapter", "fields": {"ordering": 17, "book": 1, "title": "The Bridge of Khazad-d\u00fbm"}}, {"pk": 18, "model": "fantasy.chapter", "fields": {"ordering": 18, "book": 1, "title": "Lothl\u00f3rien"}}, {"pk": 19, "model": "fantasy.chapter", "fields": {"ordering": 19, "book": 1, "title": "The Mirror of Galadriel"}}, {"pk": 20, "model": "fantasy.chapter", "fields": {"ordering": 20, "book": 1, "title": "Farewell to L\u00f3rien"}}, {"pk": 21, "model": "fantasy.chapter", "fields": {"ordering": 21, "book": 1, "title": "The Great River"}}, {"pk": 22, "model": "fantasy.chapter", "fields": {"ordering": 22, "book": 1, "title": "The Breaking of the Fellowship"}}, {"pk": 23, "model": "fantasy.chapter", "fields": {"ordering": 1, "book": 2, "title": "The Departure of Boromir"}}, {"pk": 24, "model": "fantasy.chapter", "fields": {"ordering": 2, "book": 2, "title": "The Riders of Rohan"}}, {"pk": 25, "model": "fantasy.chapter", "fields": {"ordering": 3, "book": 2, "title": "The Uruk-hai"}}, {"pk": 26, "model": "fantasy.chapter", "fields": {"ordering": 4, "book": 2, "title": "Treebeard"}}, {"pk": 27, "model": "fantasy.chapter", "fields": {"ordering": 5, "book": 2, "title": "The White Rider"}}, {"pk": 28, "model": "fantasy.chapter", "fields": {"ordering": 6, "book": 2, "title": "The King of the Golden Hall"}}, {"pk": 29, "model": "fantasy.chapter", "fields": {"ordering": 7, "book": 2, "title": "Helm's Deep"}}, {"pk": 30, "model": "fantasy.chapter", "fields": {"ordering": 8, "book": 2, "title": "The Road to Isengard"}}, {"pk": 31, "model": "fantasy.chapter", "fields": {"ordering": 9, "book": 2, "title": "Flotsam and Jetsam"}}, {"pk": 32, "model": "fantasy.chapter", "fields": {"ordering": 10, "book": 2, "title": "The Voice of Saruman"}}, {"pk": 33, "model": "fantasy.chapter", "fields": {"ordering": 11, "book": 2, "title": "The Palant\u00edr"}}, {"pk": 34, "model": "fantasy.chapter", "fields": {"ordering": 12, "book": 2, "title": "The Taming of Smeagol"}}, {"pk": 35, "model": "fantasy.chapter", "fields": {"ordering": 13, "book": 2, "title": "The Passage of the Marshes"}}, {"pk": 36, "model": "fantasy.chapter", "fields": {"ordering": 14, "book": 2, "title": "The Black Gate is Closed"}}, {"pk": 37, "model": "fantasy.chapter", "fields": {"ordering": 15, "book": 2, "title": "Of Herbs and Stewed Rabbit"}}, {"pk": 38, "model": "fantasy.chapter", "fields": {"ordering": 16, "book": 2, "title": "The Window on the West"}}, {"pk": 39, "model": "fantasy.chapter", "fields": {"ordering": 17, "book": 2, "title": "The Forbidden Pool"}}, {"pk": 40, "model": "fantasy.chapter", "fields": {"ordering": 18, "book": 2, "title": "Journey to the Cross-roads"}}, {"pk": 41, "model": "fantasy.chapter", "fields": {"ordering": 19, "book": 2, "title": "The Stairs of Cirith Ungol"}}, {"pk": 42, "model": "fantasy.chapter", "fields": {"ordering": 20, "book": 2, "title": "Shelob's Lair"}}, {"pk": 43, "model": "fantasy.chapter", "fields": {"ordering": 21, "book": 2, "title": "The Choices of Master Samwise"}}, {"pk": 44, "model": "fantasy.chapter", "fields": {"ordering": 1, "book": 3, "title": "Minas Tirith"}}, {"pk": 45, "model": "fantasy.chapter", "fields": {"ordering": 2, "book": 3, "title": "The Passing of the Grey Company"}}, {"pk": 46, "model": "fantasy.chapter", "fields": {"ordering": 3, "book": 3, "title": "The Muster of Rohan"}}, {"pk": 47, "model": "fantasy.chapter", "fields": {"ordering": 4, "book": 3, "title": "The Siege of Gondor"}}, {"pk": 48, "model": "fantasy.chapter", "fields": {"ordering": 5, "book": 3, "title": "The Ride of the Rohirrim"}}, {"pk": 49, "model": "fantasy.chapter", "fields": {"ordering": 6, "book": 3, "title": "The Battle of the Pelennor Fields"}}, {"pk": 50, "model": "fantasy.chapter", "fields": {"ordering": 7, "book": 3, "title": "The Pyre of Denethor"}}, {"pk": 51, "model": "fantasy.chapter", "fields": {"ordering": 8, "book": 3, "title": "The Houses of Healing"}}, {"pk": 52, "model": "fantasy.chapter", "fields": {"ordering": 9, "book": 3, "title": "The Last Debate"}}, {"pk": 53, "model": "fantasy.chapter", "fields": {"ordering": 10, "book": 3, "title": "The Black Gate Opens"}}, {"pk": 54, "model": "fantasy.chapter", "fields": {"ordering": 11, "book": 3, "title": "The Tower of Cirith Ungol"}}, {"pk": 55, "model": "fantasy.chapter", "fields": {"ordering": 12, "book": 3, "title": "The Land of Shadow"}}, {"pk": 56, "model": "fantasy.chapter", "fields": {"ordering": 13, "book": 3, "title": "Mount Doom"}}, {"pk": 57, "model": "fantasy.chapter", "fields": {"ordering": 14, "book": 3, "title": "The Field of Cormallen"}}, {"pk": 58, "model": "fantasy.chapter", "fields": {"ordering": 15, "book": 3, "title": "The Steward and the King"}}, {"pk": 59, "model": "fantasy.chapter", "fields": {"ordering": 16, "book": 3, "title": "Many Partings"}}, {"pk": 60, "model": "fantasy.chapter", "fields": {"ordering": 17, "book": 3, "title": "Homeward Bound"}}, {"pk": 61, "model": "fantasy.chapter", "fields": {"ordering": 18, "book": 3, "title": "The Scouring of the Shire"}}, {"pk": 62, "model": "fantasy.chapter", "fields": {"ordering": 19, "book": 3, "title": "The Grey Havens"}}, {"pk": 63, "model": "fantasy.chapter", "fields": {"ordering": 1, "book": 4, "title": "The Boy Who Lived"}}, {"pk": 64, "model": "fantasy.chapter", "fields": {"ordering": 2, "book": 4, "title": "The Vanishing Glass"}}, {"pk": 65, "model": "fantasy.chapter", "fields": {"ordering": 3, "book": 4, "title": "The Letters from No One"}}, {"pk": 66, "model": "fantasy.chapter", "fields": {"ordering": 4, "book": 4, "title": "The Keeper of the Keys"}}, {"pk": 67, "model": "fantasy.chapter", "fields": {"ordering": 5, "book": 4, "title": "Diagon Alley"}}, {"pk": 68, "model": "fantasy.chapter", "fields": {"ordering": 6, "book": 4, "title": "The Journey from Platform Nine and Three Quarters"}}, {"pk": 69, "model": "fantasy.chapter", "fields": {"ordering": 7, "book": 4, "title": "The Sorting Hat"}}, {"pk": 70, "model": "fantasy.chapter", "fields": {"ordering": 8, "book": 4, "title": "The Potions Teacher"}}, {"pk": 71, "model": "fantasy.chapter", "fields": {"ordering": 9, "book": 4, "title": "The Midnight Duel"}}, {"pk": 72, "model": "fantasy.chapter", "fields": {"ordering": 10, "book": 4, "title": "Hallowe'en"}}, {"pk": 73, "model": "fantasy.chapter", "fields": {"ordering": 11, "book": 4, "title": "Quidditch"}}, {"pk": 74, "model": "fantasy.chapter", "fields": {"ordering": 12, "book": 4, "title": "The Mirror of Erised"}}, {"pk": 75, "model": "fantasy.chapter", "fields": {"ordering": 13, "book": 4, "title": "Nicolas"}}, {"pk": 76, "model": "fantasy.chapter", "fields": {"ordering": 14, "book": 4, "title": "Norbert the Norwegian Ridgeback"}}, {"pk": 77, "model": "fantasy.chapter", "fields": {"ordering": 15, "book": 4, "title": "The Forbidden Forest"}}, {"pk": 78, "model": "fantasy.chapter", "fields": {"ordering": 16, "book": 4, "title": "Through the Trapdoor"}}, {"pk": 79, "model": "fantasy.chapter", "fields": {"ordering": 17, "book": 4, "title": "The Man with Two Faces"}}, {"pk": 80, "model": "fantasy.chapter", "fields": {"ordering": 1, "book": 5, "title": "The Worst Birthday"}}, {"pk": 81, "model": "fantasy.chapter", "fields": {"ordering": 2, "book": 5, "title": "Dobby's Warning"}}, {"pk": 82, "model": "fantasy.chapter", "fields": {"ordering": 3, "book": 5, "title": "The Burrow"}}, {"pk": 83, "model": "fantasy.chapter", "fields": {"ordering": 4, "book": 5, "title": "At Flourish and Blotts"}}, {"pk": 84, "model": "fantasy.chapter", "fields": {"ordering": 5, "book": 5, "title": "The Whomping Willow"}}, {"pk": 85, "model": "fantasy.chapter", "fields": {"ordering": 6, "book": 5, "title": "Gilderoy Lockhart"}}, {"pk": 86, "model": "fantasy.chapter", "fields": {"ordering": 7, "book": 5, "title": "Mudbloods and Murmurs"}}, {"pk": 87, "model": "fantasy.chapter", "fields": {"ordering": 8, "book": 5, "title": "The Deathday Party"}}, {"pk": 88, "model": "fantasy.chapter", "fields": {"ordering": 9, "book": 5, "title": "The Writing on the Wall"}}, {"pk": 89, "model": "fantasy.chapter", "fields": {"ordering": 10, "book": 5, "title": "The Rogue Bludger"}}, {"pk": 90, "model": "fantasy.chapter", "fields": {"ordering": 11, "book": 5, "title": "The Duelling Club"}}, {"pk": 91, "model": "fantasy.chapter", "fields": {"ordering": 12, "book": 5, "title": "The Polyjuice Potion"}}, {"pk": 92, "model": "fantasy.chapter", "fields": {"ordering": 13, "book": 5, "title": "The Very Secret Diary"}}, {"pk": 93, "model": "fantasy.chapter", "fields": {"ordering": 14, "book": 5, "title": "Cornelius Fudge"}}, {"pk": 94, "model": "fantasy.chapter", "fields": {"ordering": 15, "book": 5, "title": "Aragog"}}, {"pk": 95, "model": "fantasy.chapter", "fields": {"ordering": 16, "book": 5, "title": "The Chamber of Secrets"}}, {"pk": 96, "model": "fantasy.chapter", "fields": {"ordering": 17, "book": 5, "title": "The Heir of Slytherin"}}, {"pk": 97, "model": "fantasy.chapter", "fields": {"ordering": 18, "book": 5, "title": "Dobby's Reward"}}, {"pk": 98, "model": "fantasy.chapter", "fields": {"ordering": 1, "book": 6, "title": "Owl Post"}}, {"pk": 99, "model": "fantasy.chapter", "fields": {"ordering": 2, "book": 6, "title": "Aunt Marge's Big Mistake"}}, {"pk": 100, "model": "fantasy.chapter", "fields": {"ordering": 3, "book": 6, "title": "The Knight Bus"}}, {"pk": 101, "model": "fantasy.chapter", "fields": {"ordering": 4, "book": 6, "title": "The Leaky Cauldron"}}, {"pk": 102, "model": "fantasy.chapter", "fields": {"ordering": 5, "book": 6, "title": "The Dementor"}}, {"pk": 103, "model": "fantasy.chapter", "fields": {"ordering": 6, "book": 6, "title": "Talons and Tea Leaves"}}, {"pk": 104, "model": "fantasy.chapter", "fields": {"ordering": 7, "book": 6, "title": "The Boggart in the Wardrobe"}}, {"pk": 105, "model": "fantasy.chapter", "fields": {"ordering": 8, "book": 6, "title": "Flight of the Fat Lady"}}, {"pk": 106, "model": "fantasy.chapter", "fields": {"ordering": 9, "book": 6, "title": "Grim Defeat"}}, {"pk": 107, "model": "fantasy.chapter", "fields": {"ordering": 10, "book": 6, "title": "The Marauder's Map"}}, {"pk": 108, "model": "fantasy.chapter", "fields": {"ordering": 11, "book": 6, "title": "The Firebolt"}}, {"pk": 109, "model": "fantasy.chapter", "fields": {"ordering": 12, "book": 6, "title": "The Patronus"}}, {"pk": 110, "model": "fantasy.chapter", "fields": {"ordering": 13, "book": 6, "title": "Gryffindor vs Ravenclaw"}}, {"pk": 111, "model": "fantasy.chapter", "fields": {"ordering": 14, "book": 6, "title": "Snape's Grudge"}}, {"pk": 112, "model": "fantasy.chapter", "fields": {"ordering": 15, "book": 6, "title": "The Quidditch Final"}}, {"pk": 113, "model": "fantasy.chapter", "fields": {"ordering": 16, "book": 6, "title": "Professor Trelawney's Prediction"}}, {"pk": 114, "model": "fantasy.chapter", "fields": {"ordering": 17, "book": 6, "title": "Cat, Rat and Dog"}}, {"pk": 115, "model": "fantasy.chapter", "fields": {"ordering": 18, "book": 6, "title": "Moony, Wormtail, Padfoot and Prongs"}}, {"pk": 116, "model": "fantasy.chapter", "fields": {"ordering": 19, "book": 6, "title": "The Servant of Lord Voldemort"}}, {"pk": 117, "model": "fantasy.chapter", "fields": {"ordering": 20, "book": 6, "title": "The Dementors' Kiss"}}, {"pk": 118, "model": "fantasy.chapter", "fields": {"ordering": 21, "book": 6, "title": "Hermione's Secret"}}, {"pk": 119, "model": "fantasy.chapter", "fields": {"ordering": 22, "book": 6, "title": "Owl Post Again"}}, {"pk": 120, "model": "fantasy.chapter", "fields": {"ordering": 1, "book": 7, "title": "The Riddle House"}}, {"pk": 121, "model": "fantasy.chapter", "fields": {"ordering": 2, "book": 7, "title": "The Scar"}}, {"pk": 122, "model": "fantasy.chapter", "fields": {"ordering": 3, "book": 7, "title": "The Invitation"}}, {"pk": 123, "model": "fantasy.chapter", "fields": {"ordering": 4, "book": 7, "title": "Back to the Burrow"}}, {"pk": 124, "model": "fantasy.chapter", "fields": {"ordering": 5, "book": 7, "title": "Weasleys' Wizard Wheezes"}}, {"pk": 125, "model": "fantasy.chapter", "fields": {"ordering": 6, "book": 7, "title": "The Portkey"}}, {"pk": 126, "model": "fantasy.chapter", "fields": {"ordering": 7, "book": 7, "title": "Bagman and Crouch"}}, {"pk": 127, "model": "fantasy.chapter", "fields": {"ordering": 8, "book": 7, "title": "The Quidditch World Cup"}}, {"pk": 128, "model": "fantasy.chapter", "fields": {"ordering": 9, "book": 7, "title": "The Dark Mark"}}, {"pk": 129, "model": "fantasy.chapter", "fields": {"ordering": 10, "book": 7, "title": "Mayhem at the Ministry"}}, {"pk": 130, "model": "fantasy.chapter", "fields": {"ordering": 11, "book": 7, "title": "Aboard the Hogwarts Express"}}, {"pk": 131, "model": "fantasy.chapter", "fields": {"ordering": 12, "book": 7, "title": "The Triwizard Tournament"}}, {"pk": 132, "model": "fantasy.chapter", "fields": {"ordering": 13, "book": 7, "title": "Mad-Eye Moody"}}, {"pk": 133, "model": "fantasy.chapter", "fields": {"ordering": 14, "book": 7, "title": "The Unforgivable Curses"}}, {"pk": 134, "model": "fantasy.chapter", "fields": {"ordering": 15, "book": 7, "title": "Beauxbatons and Durmstrang"}}, {"pk": 135, "model": "fantasy.chapter", "fields": {"ordering": 16, "book": 7, "title": "The Goblet of Fire"}}, {"pk": 136, "model": "fantasy.chapter", "fields": {"ordering": 17, "book": 7, "title": "The Four Champions"}}, {"pk": 137, "model": "fantasy.chapter", "fields": {"ordering": 18, "book": 7, "title": "The Weighing of the Wands"}}, {"pk": 138, "model": "fantasy.chapter", "fields": {"ordering": 19, "book": 7, "title": "The Hungarian Horntail"}}, {"pk": 139, "model": "fantasy.chapter", "fields": {"ordering": 20, "book": 7, "title": "The First Task"}}, {"pk": 140, "model": "fantasy.chapter", "fields": {"ordering": 21, "book": 7, "title": "The House-Elf Liberation Front"}}, {"pk": 141, "model": "fantasy.chapter", "fields": {"ordering": 22, "book": 7, "title": "The Unexpected Task"}}, {"pk": 142, "model": "fantasy.chapter", "fields": {"ordering": 23, "book": 7, "title": "The Yule Ball"}}, {"pk": 143, "model": "fantasy.chapter", "fields": {"ordering": 24, "book": 7, "title": "Rita Skeeter's Scoop"}}, {"pk": 144, "model": "fantasy.chapter", "fields": {"ordering": 25, "book": 7, "title": "The Egg and the Eye"}}, {"pk": 145, "model": "fantasy.chapter", "fields": {"ordering": 26, "book": 7, "title": "The Second Task"}}, {"pk": 146, "model": "fantasy.chapter", "fields": {"ordering": 27, "book": 7, "title": "Padfoot Returns"}}, {"pk": 147, "model": "fantasy.chapter", "fields": {"ordering": 28, "book": 7, "title": "The Madness of Mr Crouch"}}, {"pk": 148, "model": "fantasy.chapter", "fields": {"ordering": 29, "book": 7, "title": "The Dream"}}, {"pk": 149, "model": "fantasy.chapter", "fields": {"ordering": 30, "book": 7, "title": "The Pensieve"}}, {"pk": 150, "model": "fantasy.chapter", "fields": {"ordering": 31, "book": 7, "title": "The Third Task"}}, {"pk": 151, "model": "fantasy.chapter", "fields": {"ordering": 32, "book": 7, "title": "Flesh, Blood and Bone"}}, {"pk": 152, "model": "fantasy.chapter", "fields": {"ordering": 33, "book": 7, "title": "The Death Eaters"}}, {"pk": 153, "model": "fantasy.chapter", "fields": {"ordering": 34, "book": 7, "title": "Priori Incantatem"}}, {"pk": 154, "model": "fantasy.chapter", "fields": {"ordering": 35, "book": 7, "title": "Veritaserum"}}, {"pk": 155, "model": "fantasy.chapter", "fields": {"ordering": 36, "book": 7, "title": "The Parting of the Ways"}}, {"pk": 156, "model": "fantasy.chapter", "fields": {"ordering": 37, "book": 7, "title": "The Beginning"}}, {"pk": 157, "model": "fantasy.chapter", "fields": {"ordering": 1, "book": 8, "title": "Dudley Demented"}}, {"pk": 158, "model": "fantasy.chapter", "fields": {"ordering": 2, "book": 8, "title": "A Peck of Owls"}}, {"pk": 159, "model": "fantasy.chapter", "fields": {"ordering": 3, "book": 8, "title": "The Advance Guard"}}, {"pk": 160, "model": "fantasy.chapter", "fields": {"ordering": 4, "book": 8, "title": "Number Twelve, Grimmauld Place"}}, {"pk": 161, "model": "fantasy.chapter", "fields": {"ordering": 5, "book": 8, "title": "The Order of the Phoenix"}}, {"pk": 162, "model": "fantasy.chapter", "fields": {"ordering": 6, "book": 8, "title": "The Noble and Most Ancient House of Black"}}, {"pk": 163, "model": "fantasy.chapter", "fields": {"ordering": 7, "book": 8, "title": "Ministry of Magic"}}, {"pk": 164, "model": "fantasy.chapter", "fields": {"ordering": 8, "book": 8, "title": "The Hearing"}}, {"pk": 165, "model": "fantasy.chapter", "fields": {"ordering": 9, "book": 8, "title": "The Woes of Mrs Weasley"}}, {"pk": 166, "model": "fantasy.chapter", "fields": {"ordering": 10, "book": 8, "title": "Luna Lovegood"}}, {"pk": 167, "model": "fantasy.chapter", "fields": {"ordering": 11, "book": 8, "title": "The Sorting Hat's New Song"}}, {"pk": 168, "model": "fantasy.chapter", "fields": {"ordering": 12, "book": 8, "title": "Professor Umbridge"}}, {"pk": 169, "model": "fantasy.chapter", "fields": {"ordering": 13, "book": 8, "title": "Detention with Dolores"}}, {"pk": 170, "model": "fantasy.chapter", "fields": {"ordering": 14, "book": 8, "title": "Percy and Padfoot"}}, {"pk": 171, "model": "fantasy.chapter", "fields": {"ordering": 15, "book": 8, "title": "The Hogwarts High Inquisitor"}}, {"pk": 172, "model": "fantasy.chapter", "fields": {"ordering": 16, "book": 8, "title": "In the Hog's Head"}}, {"pk": 173, "model": "fantasy.chapter", "fields": {"ordering": 17, "book": 8, "title": "Educational Decree Number Twenty-four"}}, {"pk": 174, "model": "fantasy.chapter", "fields": {"ordering": 18, "book": 8, "title": "Dumbledore's Army"}}, {"pk": 175, "model": "fantasy.chapter", "fields": {"ordering": 19, "book": 8, "title": "The Lion and the Serpent"}}, {"pk": 176, "model": "fantasy.chapter", "fields": {"ordering": 20, "book": 8, "title": "Hagrid's Tale"}}, {"pk": 177, "model": "fantasy.chapter", "fields": {"ordering": 21, "book": 8, "title": "The Eye of the Snake"}}, {"pk": 178, "model": "fantasy.chapter", "fields": {"ordering": 22, "book": 8, "title": "St Mungo's Hospital for Magical Maladies and Injuries"}}, {"pk": 179, "model": "fantasy.chapter", "fields": {"ordering": 23, "book": 8, "title": "Christmas on the Closed Ward"}}, {"pk": 180, "model": "fantasy.chapter", "fields": {"ordering": 24, "book": 8, "title": "Occlumency"}}, {"pk": 181, "model": "fantasy.chapter", "fields": {"ordering": 25, "book": 8, "title": "The Beetle at Bay"}}, {"pk": 182, "model": "fantasy.chapter", "fields": {"ordering": 26, "book": 8, "title": "Seen and Unforeseen"}}, {"pk": 183, "model": "fantasy.chapter", "fields": {"ordering": 27, "book": 8, "title": "The Centaur and the Sneak"}}, {"pk": 184, "model": "fantasy.chapter", "fields": {"ordering": 28, "book": 8, "title": "Snape's Worst Memory"}}, {"pk": 185, "model": "fantasy.chapter", "fields": {"ordering": 29, "book": 8, "title": "Careers Advice"}}, {"pk": 186, "model": "fantasy.chapter", "fields": {"ordering": 30, "book": 8, "title": "Grawp"}}, {"pk": 187, "model": "fantasy.chapter", "fields": {"ordering": 31, "book": 8, "title": "OWLs"}}, {"pk": 188, "model": "fantasy.chapter", "fields": {"ordering": 32, "book": 8, "title": "Out of the Fire"}}, {"pk": 189, "model": "fantasy.chapter", "fields": {"ordering": 33, "book": 8, "title": "Fight and Flight"}}, {"pk": 190, "model": "fantasy.chapter", "fields": {"ordering": 34, "book": 8, "title": "The Department of Mysteries"}}, {"pk": 191, "model": "fantasy.chapter", "fields": {"ordering": 35, "book": 8, "title": "Beyond the Veil"}}, {"pk": 192, "model": "fantasy.chapter", "fields": {"ordering": 36, "book": 8, "title": "The Only One He Ever Feared"}}, {"pk": 193, "model": "fantasy.chapter", "fields": {"ordering": 37, "book": 8, "title": "The Lost Prophecy"}}, {"pk": 194, "model": "fantasy.chapter", "fields": {"ordering": 38, "book": 8, "title": "The Second War Begins"}}, {"pk": 195, "model": "fantasy.chapter", "fields": {"ordering": 1, "book": 9, "title": "The Other Minister"}}, {"pk": 196, "model": "fantasy.chapter", "fields": {"ordering": 2, "book": 9, "title": "Spinner's End"}}, {"pk": 197, "model": "fantasy.chapter", "fields": {"ordering": 3, "book": 9, "title": "Will and Won't"}}, {"pk": 198, "model": "fantasy.chapter", "fields": {"ordering": 4, "book": 9, "title": "Horace Slughorn"}}, {"pk": 199, "model": "fantasy.chapter", "fields": {"ordering": 5, "book": 9, "title": "An Excess of Phlegm"}}, {"pk": 200, "model": "fantasy.chapter", "fields": {"ordering": 6, "book": 9, "title": "Draco's Detour"}}, {"pk": 201, "model": "fantasy.chapter", "fields": {"ordering": 7, "book": 9, "title": "The Slug Club"}}, {"pk": 202, "model": "fantasy.chapter", "fields": {"ordering": 8, "book": 9, "title": "Snape Victorious"}}, {"pk": 203, "model": "fantasy.chapter", "fields": {"ordering": 9, "book": 9, "title": "The Half-Blood Prince"}}, {"pk": 204, "model": "fantasy.chapter", "fields": {"ordering": 10, "book": 9, "title": "The House of Gaunt"}}, {"pk": 205, "model": "fantasy.chapter", "fields": {"ordering": 11, "book": 9, "title": "Hermione's Helping Hand"}}, {"pk": 206, "model": "fantasy.chapter", "fields": {"ordering": 12, "book": 9, "title": "Silver and Opals"}}, {"pk": 207, "model": "fantasy.chapter", "fields": {"ordering": 13, "book": 9, "title": "The Secret Riddle"}}, {"pk": 208, "model": "fantasy.chapter", "fields": {"ordering": 14, "book": 9, "title": "Felix Felicis"}}, {"pk": 209, "model": "fantasy.chapter", "fields": {"ordering": 15, "book": 9, "title": "The Unbreakable Vow"}}, {"pk": 210, "model": "fantasy.chapter", "fields": {"ordering": 16, "book": 9, "title": "A Very Frosty Christmas"}}, {"pk": 211, "model": "fantasy.chapter", "fields": {"ordering": 17, "book": 9, "title": "A Sluggish Memory"}}, {"pk": 212, "model": "fantasy.chapter", "fields": {"ordering": 18, "book": 9, "title": "Birthday Surprises"}}, {"pk": 213, "model": "fantasy.chapter", "fields": {"ordering": 19, "book": 9, "title": "Elf Tails"}}, {"pk": 214, "model": "fantasy.chapter", "fields": {"ordering": 20, "book": 9, "title": "Lord Voldemort's Request"}}, {"pk": 215, "model": "fantasy.chapter", "fields": {"ordering": 21, "book": 9, "title": "The Unknowable Room"}}, {"pk": 216, "model": "fantasy.chapter", "fields": {"ordering": 22, "book": 9, "title": "After the Burial"}}, {"pk": 217, "model": "fantasy.chapter", "fields": {"ordering": 23, "book": 9, "title": "Horcruxes"}}, {"pk": 218, "model": "fantasy.chapter", "fields": {"ordering": 24, "book": 9, "title": "Sectumsempra"}}, {"pk": 219, "model": "fantasy.chapter", "fields": {"ordering": 25, "book": 9, "title": "The Seer Overheard"}}, {"pk": 220, "model": "fantasy.chapter", "fields": {"ordering": 26, "book": 9, "title": "The Cave"}}, {"pk": 221, "model": "fantasy.chapter", "fields": {"ordering": 27, "book": 9, "title": "The Lightning-Struck Tower"}}, {"pk": 222, "model": "fantasy.chapter", "fields": {"ordering": 28, "book": 9, "title": "The Flight of the Prince"}}, {"pk": 223, "model": "fantasy.chapter", "fields": {"ordering": 29, "book": 9, "title": "The Phoenix Lament"}}, {"pk": 224, "model": "fantasy.chapter", "fields": {"ordering": 30, "book": 9, "title": "The White Tomb"}}, {"pk": 225, "model": "fantasy.chapter", "fields": {"ordering": 1, "book": 10, "title": "The Dark Lord Ascending"}}, {"pk": 226, "model": "fantasy.chapter", "fields": {"ordering": 2, "book": 10, "title": "In Memoriam"}}, {"pk": 227, "model": "fantasy.chapter", "fields": {"ordering": 3, "book": 10, "title": "The Dursleys Departing"}}, {"pk": 228, "model": "fantasy.chapter", "fields": {"ordering": 4, "book": 10, "title": "The Seven Potters"}}, {"pk": 229, "model": "fantasy.chapter", "fields": {"ordering": 5, "book": 10, "title": "Fallen Warrior"}}, {"pk": 230, "model": "fantasy.chapter", "fields": {"ordering": 6, "book": 10, "title": "The Ghoul in Pyjamas"}}, {"pk": 231, "model": "fantasy.chapter", "fields": {"ordering": 7, "book": 10, "title": "The Will of Albus Dumbledore"}}, {"pk": 232, "model": "fantasy.chapter", "fields": {"ordering": 8, "book": 10, "title": "The Wedding"}}, {"pk": 233, "model": "fantasy.chapter", "fields": {"ordering": 9, "book": 10, "title": "A Place to Hide"}}, {"pk": 234, "model": "fantasy.chapter", "fields": {"ordering": 10, "book": 10, "title": "Kreacher's Tale"}}, {"pk": 235, "model": "fantasy.chapter", "fields": {"ordering": 11, "book": 10, "title": "The Bribe"}}, {"pk": 236, "model": "fantasy.chapter", "fields": {"ordering": 12, "book": 10, "title": "Magic is Might"}}, {"pk": 237, "model": "fantasy.chapter", "fields": {"ordering": 13, "book": 10, "title": "The Muggle-Born Registration Commission"}}, {"pk": 238, "model": "fantasy.chapter", "fields": {"ordering": 14, "book": 10, "title": "The Thief"}}, {"pk": 239, "model": "fantasy.chapter", "fields": {"ordering": 15, "book": 10, "title": "The Goblin's Revenge"}}, {"pk": 240, "model": "fantasy.chapter", "fields": {"ordering": 16, "book": 10, "title": "Godric's Hollow"}}, {"pk": 241, "model": "fantasy.chapter", "fields": {"ordering": 17, "book": 10, "title": "Bathilda's Secret"}}, {"pk": 242, "model": "fantasy.chapter", "fields": {"ordering": 18, "book": 10, "title": "The Life and Lies of Albus Dumbledore"}}, {"pk": 243, "model": "fantasy.chapter", "fields": {"ordering": 19, "book": 10, "title": "The Silver Doe"}}, {"pk": 244, "model": "fantasy.chapter", "fields": {"ordering": 20, "book": 10, "title": "Xenophilius Lovegood"}}, {"pk": 245, "model": "fantasy.chapter", "fields": {"ordering": 21, "book": 10, "title": "The Tale of the Three Brothers"}}, {"pk": 246, "model": "fantasy.chapter", "fields": {"ordering": 22, "book": 10, "title": "The Deathly Hallows"}}, {"pk": 247, "model": "fantasy.chapter", "fields": {"ordering": 23, "book": 10, "title": "Malfoy Manor"}}, {"pk": 248, "model": "fantasy.chapter", "fields": {"ordering": 24, "book": 10, "title": "The Wandmaker"}}, {"pk": 249, "model": "fantasy.chapter", "fields": {"ordering": 25, "book": 10, "title": "Shell Cottage"}}, {"pk": 250, "model": "fantasy.chapter", "fields": {"ordering": 26, "book": 10, "title": "Gringotts"}}, {"pk": 251, "model": "fantasy.chapter", "fields": {"ordering": 27, "book": 10, "title": "The Final Hiding Place"}}, {"pk": 252, "model": "fantasy.chapter", "fields": {"ordering": 28, "book": 10, "title": "The Missing Mirror"}}, {"pk": 253, "model": "fantasy.chapter", "fields": {"ordering": 29, "book": 10, "title": "The Lost Diadem"}}, {"pk": 254, "model": "fantasy.chapter", "fields": {"ordering": 30, "book": 10, "title": "The Sacking of Severus Snape"}}, {"pk": 255, "model": "fantasy.chapter", "fields": {"ordering": 31, "book": 10, "title": "The Battle of Hogwarts"}}, {"pk": 256, "model": "fantasy.chapter", "fields": {"ordering": 32, "book": 10, "title": "The Elder Wand"}}, {"pk": 257, "model": "fantasy.chapter", "fields": {"ordering": 33, "book": 10, "title": "The Prince's Tale"}}, {"pk": 258, "model": "fantasy.chapter", "fields": {"ordering": 34, "book": 10, "title": "The Forest Again"}}, {"pk": 259, "model": "fantasy.chapter", "fields": {"ordering": 35, "book": 10, "title": "King's Cross"}}, {"pk": 260, "model": "fantasy.chapter", "fields": {"ordering": 36, "book": 10, "title": "The Flaw in the Plan"}}, {"pk": 271, "model": "fantasy.chapter", "fields": {"ordering": 1, "book": 11, "title": "An Unexpected Party"}}, {"pk": 272, "model": "fantasy.chapter", "fields": {"ordering": 2, "book": 11, "title": "Roast Mutton"}}, {"pk": 273, "model": "fantasy.chapter", "fields": {"ordering": 3, "book": 11, "title": "A Short Rest"}}, {"pk": 274, "model": "fantasy.chapter", "fields": {"ordering": 4, "book": 11, "title": "Over Hill And Under Hill"}}, {"pk": 275, "model": "fantasy.chapter", "fields": {"ordering": 5, "book": 11, "title": "Riddles In The Dark"}}, {"pk": 276, "model": "fantasy.chapter", "fields": {"ordering": 6, "book": 11, "title": "Out Of The Frying-Pan Into The Fire"}}, {"pk": 277, "model": "fantasy.chapter", "fields": {"ordering": 7, "book": 11, "title": "Queer Lodgings"}}, {"pk": 278, "model": "fantasy.chapter", "fields": {"ordering": 8, "book": 11, "title": "Flies And Spiders"}}, {"pk": 279, "model": "fantasy.chapter", "fields": {"ordering": 9, "book": 11, "title": "Barrels Out Of Bond"}}, {"pk": 280, "model": "fantasy.chapter", "fields": {"ordering": 10, "book": 11, "title": "A Warm Welcome"}}, {"pk": 281, "model": "fantasy.chapter", "fields": {"ordering": 11, "book": 11, "title": "On The Doorstep"}}, {"pk": 282, "model": "fantasy.chapter", "fields": {"ordering": 12, "book": 11, "title": "Inside Information"}}, {"pk": 283, "model": "fantasy.chapter", "fields": {"ordering": 13, "book": 11, "title": "Not At Home"}}, {"pk": 284, "model": "fantasy.chapter", "fields": {"ordering": 14, "book": 11, "title": "Fire And Water"}}, {"pk": 285, "model": "fantasy.chapter", "fields": {"ordering": 15, "book": 11, "title": "The Gathering Of The Clouds"}}, {"pk": 286, "model": "fantasy.chapter", "fields": {"ordering": 16, "book": 11, "title": "A Thief In The Night"}}, {"pk": 287, "model": "fantasy.chapter", "fields": {"ordering": 17, "book": 11, "title": "The Clouds Burst"}}, {"pk": 288, "model": "fantasy.chapter", "fields": {"ordering": 18, "book": 11, "title": "The Return Journey"}}, {"pk": 289, "model": "fantasy.chapter", "fields": {"ordering": 19, "book": 11, "title": "The Last Stage"}}, {"pk": 1, "model": "fantasy.store", "fields": {"books": [], "name": "empty store"}}, {"pk": 2, "model": "fantasy.store", "fields": {"books": [1, 2, 3, 4, 5, 5, 6, 7, 8, 9, 10, 11], "name": "full store"}}, {"pk": 1, "model": "fantasy.photo", "fields": {"uri": "http://upload.wikimedia.org/wikipedia/commons/b/b4/Tolkien_1916.jpg", "imageable_type": 26, "imageable_id": 1, "title": "J. R. R. Tolkein"}}, {"pk": 2, "model": "fantasy.photo", "fields": {"uri": "http://upload.wikimedia.org/wikipedia/commons/5/5b/Mabel_Suffield_Christmas_Card.jpg", "imageable_type": 26, "imageable_id": 1, "title": "Family Postcard of J. R. R. Tolkein"}}, {"pk": 3, "model": "fantasy.photo", "fields": {"uri": "http://upload.wikimedia.org/wikipedia/commons/5/5d/J._K._Rowling_2010.jpg", "imageable_type": 26, "imageable_id": 2, "title": "J. K. Rowling"}}, {"pk": 4, "model": "fantasy.photo", "fields": {"uri": "http://upload.wikimedia.org/wikipedia/commons/e/e7/Church_Cottage%2C_Tutshill.jpg", "imageable_type": 26, "imageable_id": 2, "title": "J. K. Rowling's Childhood Home"}}, {"pk": 5, "model": "fantasy.photo", "fields": {"uri": "http://upload.wikimedia.org/wikipedia/en/7/7e/FellowshipOfTheRing.JPG", "imageable_type": 28, "imageable_id": 1, "title": "The Fellowship of the Ring"}}, {"pk": 6, "model": "fantasy.photo", "fields": {"uri": "http://upload.wikimedia.org/wikipedia/en/2/2f/The_Two_Towers_%28novel%29_-1st_edition_cover.JPG", "imageable_type": 28, "imageable_id": 2, "title": "The Two Towers"}}, {"pk": 7, "model": "fantasy.photo", "fields": {"uri": "http://upload.wikimedia.org/wikipedia/en/8/89/ReturnOfTheKing.JPG", "imageable_type": 28, "imageable_id": 3, "title": "Return of the King"}}, {"pk": 8, "model": "fantasy.photo", "fields": {"uri": "http://upload.wikimedia.org/wikipedia/en/6/6b/Harry_Potter_and_the_Philosopher%27s_Stone_Book_Cover.jpg", "imageable_type": 28, "imageable_id": 4, "title": "Harry Potter and the Philosopher's Stone"}}, {"pk": 9, "model": "fantasy.photo", "fields": {"uri": "http://upload.wikimedia.org/wikipedia/en/5/5c/Harry_Potter_and_the_Chamber_of_Secrets.jpg", "imageable_type": 28, "imageable_id": 5, "title": "Harry Potter and the Chamber of Secrets"}}, {"pk": 10, "model": "fantasy.photo", "fields": {"uri": "http://upload.wikimedia.org/wikipedia/en/a/a0/Harry_Potter_and_the_Prisoner_of_Azkaban.jpg", "imageable_type": 28, "imageable_id": 6, "title": "Harry Potter and the Prisoner of Azkaban"}}, {"pk": 11, "model": "fantasy.photo", "fields": {"uri": "http://upload.wikimedia.org/wikipedia/en/c/c7/Harry_Potter_and_the_Goblet_of_Fire.jpg", "imageable_type": 28, "imageable_id": 7, "title": "Harry Potter and the Goblet of Fire"}}, {"pk": 12, "model": "fantasy.photo", "fields": {"uri": "http://upload.wikimedia.org/wikipedia/en/7/70/Harry_Potter_and_the_Order_of_the_Phoenix.jpg", "imageable_type": 28, "imageable_id": 8, "title": "Harry Potter and the Order of the Phoenix"}}, {"pk": 13, "model": "fantasy.photo", "fields": {"uri": "http://upload.wikimedia.org/wikipedia/en/f/f0/Harry_Potter_and_the_Half-Blood_Prince.jpg", "imageable_type": 28, "imageable_id": 9, "title": "Harry Potter and the Half-Blood Prince"}}, {"pk": 14, "model": "fantasy.photo", "fields": {"uri": "http://upload.wikimedia.org/wikipedia/en/a/a9/Harry_Potter_and_the_Deathly_Hallows.jpg", "imageable_type": 28, "imageable_id": 10, "title": "Harry Potter and the Deathly Hallows"}}, {"pk": 15, "model": "fantasy.photo", "fields": {"uri": "http://upload.wikimedia.org/wikipedia/en/4/4a/TheHobbit_FirstEdition.jpg", "imageable_type": 28, "imageable_id": 11, "title": "The Hobbit"}}, {"pk": 16, "model": "fantasy.photo", "fields": {"uri": "http://img2.wikia.nocookie.net/__cb20130619012726/lotr/images/1/11/The_Lord_of_the_Rings_First_Copies.jpg", "imageable_type": 27, "imageable_id": 1, "title": "Lord of the Rings"}}, {"pk": 17, "model": "fantasy.photo", "fields": {"uri": "http://upload.wikimedia.org/wikipedia/commons/6/6e/Harry_Potter_wordmark.svg", "imageable_type": 27, "imageable_id": 2, "title": "Harry Potter"}}]